current_path,previous_path,proposed_final_path,role,action,phase,area,risk_level,rationale
.codeprobeignore.example,,.codeprobeignore.example,standard project file,keep,current,root,low,canonical current path
.gitattributes,,.gitattributes,repository checkout policy,added_audit_phase4,audit-4,root,high,added during hostile audit Phase 4 to make checkout bytes deterministic
.github/workflows/ci.yml,,.github/workflows/ci.yml,continuous-integration workflow,added_audit_phase4,audit-4,.github,high,added during hostile audit Phase 4 to enforce the required release gates
.gitignore,,.gitignore,standard project file,keep,current,root,low,canonical current path
00-kit-index.md,KIT_INDEX.md,00-kit-index.md,standard project file,completed_phase13,13,root,low,final naming-stable path; previous_path records migration source where applicable
CHANGELOG.md,,CHANGELOG.md,standard project file,keep,current,root,low,canonical current path
CONTRIBUTING.md,,CONTRIBUTING.md,standard project file,keep,current,root,low,canonical current path
LICENSE,,LICENSE,standard project file,keep,current,root,low,canonical current path
README.md,,README.md,standard project file,keep,current,root,low,canonical current path
app/README.md,,app/README.md,browser app asset,keep,current,app,high,canonical current path
app/codeprobe-ui.js,src/index.js,app/codeprobe-ui.js,browser app asset,completed_migration,current,app,high,final naming-stable path; previous_path records migration source where applicable
app/codeprobe.css,,app/codeprobe.css,browser app asset,keep,current,app,high,canonical current path
app/index.html,src/index.html,app/index.html,browser app asset,completed_migration,current,app,high,final naming-stable path; previous_path records migration source where applicable
app/project-ui.js,src/project_index.js,app/project-ui.js,browser app asset,completed_migration,current,app,high,final naming-stable path; previous_path records migration source where applicable
app/project.css,src/project_index.css,app/project.css,browser app asset,completed_migration,current,app,high,final naming-stable path; previous_path records migration source where applicable
app/project.html,src/project_index.html,app/project.html,browser app asset,completed_migration,current,app,high,final naming-stable path; previous_path records migration source where applicable
app/pyodide-loader.js,src/pyodide_loader.js,app/pyodide-loader.js,browser app asset,completed_migration,current,app,high,final naming-stable path; previous_path records migration source where applicable
app/pyodide-provenance.json,,app/pyodide-provenance.json,browser app asset,added_audit_phase4c,audit-4c,app,high,measured Pyodide core-startup provenance and integrity inventory
app/resource-integrity.json,src/RESOURCE_INTEGRITY_MANIFEST.json,app/resource-integrity.json,browser app asset,completed_migration,current,app,high,final naming-stable path; previous_path records migration source where applicable
app/runtime-config.example.json,src/runtime_config.example.json,app/runtime-config.example.json,browser app asset,completed_migration,current,app,high,final naming-stable path; previous_path records migration source where applicable
app/runtime-config.json,src/runtime_config.json,app/runtime-config.json,browser app asset,completed_migration,current,app,high,final naming-stable path; previous_path records migration source where applicable
app/vendor/pyodide/README.md,,app/vendor/pyodide/README.md,browser app asset,keep,current,app,high,canonical current path
calibration/01-corpus-manifest-template.csv,calibration/manifest_template.csv,calibration/01-corpus-manifest-template.csv,calibration template or placeholder,completed_migration,current,calibration,medium,final naming-stable path; previous_path records migration source where applicable
calibration/01-corpus-manifest-template.json,calibration/manifest_template.json,calibration/01-corpus-manifest-template.json,calibration template or placeholder,completed_migration,current,calibration,medium,final naming-stable path; previous_path records migration source where applicable
calibration/02-calibration-profile-template.json,calibration/profile_template.json,calibration/02-calibration-profile-template.json,calibration template or placeholder,completed_migration,current,calibration,medium,final naming-stable path; previous_path records migration source where applicable
calibration/03-example-calibration-profile.json,calibration/example_profile.json,calibration/03-example-calibration-profile.json,calibration template or placeholder,completed_migration,current,calibration,medium,final naming-stable path; previous_path records migration source where applicable
calibration/04-validation-summary-template.md,calibration/validation_summary_template.md,calibration/04-validation-summary-template.md,calibration template or placeholder,completed_migration,current,calibration,medium,final naming-stable path; previous_path records migration source where applicable
calibration/README.md,,calibration/README.md,calibration template or placeholder,keep,current,calibration,medium,canonical current path
calibration/profiles/README.md,,calibration/profiles/README.md,calibration template or placeholder,keep,current,calibration,medium,canonical current path
calibration/reports/.gitkeep,,calibration/reports/.gitkeep,calibration template or placeholder,keep,current,calibration,medium,canonical current path
docs/00-file-catalogue.md,,docs/00-file-catalogue.md,technical documentation or asset,keep,current,docs,medium,canonical current path
docs/01-naming-policy.md,,docs/01-naming-policy.md,technical documentation or asset,keep,current,docs,medium,canonical current path
docs/02-architecture.md,,docs/02-architecture.md,technical documentation or asset,keep,current,docs,medium,canonical current path
docs/03-report-schema.md,,docs/03-report-schema.md,technical documentation or asset,keep,current,docs,medium,canonical current path
docs/04-browser-security.md,,docs/04-browser-security.md,technical documentation or asset,keep,current,docs,medium,canonical current path
docs/05-offline-deployment.md,,docs/05-offline-deployment.md,technical documentation or asset,keep,current,docs,medium,canonical current path
docs/06-calibration-guide.md,,docs/06-calibration-guide.md,technical documentation or asset,keep,current,docs,medium,canonical current path
docs/07-ui-extension-guide.md,,docs/07-ui-extension-guide.md,technical documentation or asset,keep,current,docs,medium,canonical current path
docs/08-release-process.md,,docs/08-release-process.md,technical documentation or asset,keep,current,docs,medium,canonical current path
docs/09-release-integrity.md,,docs/09-release-integrity.md,technical documentation or asset,keep,current,docs,medium,canonical current path
docs/10-provenance.md,AI_ASSISTANCE_AND_PROVENANCE.md,docs/10-provenance.md,technical documentation or asset,completed_migration,current,docs,medium,final naming-stable path; previous_path records migration source where applicable
docs/11-design-decisions.md,DESIGN_DECISIONS.md,docs/11-design-decisions.md,technical documentation or asset,completed_migration,current,docs,medium,final naming-stable path; previous_path records migration source where applicable
docs/12-release-hash-sheet.md,,docs/12-release-hash-sheet.md,technical documentation or asset,keep,current,docs,medium,canonical current path
docs/13-signed-release-workflow.md,,docs/13-signed-release-workflow.md,technical documentation or asset,keep,current,docs,medium,canonical current path
docs/14-optimisation-roadmap.md,,docs/14-optimisation-roadmap.md,technical documentation or asset,keep,current,docs,medium,canonical current path
docs/15-final-release-audit.md,,docs/15-final-release-audit.md,technical documentation or asset,added_phase13,13,docs,medium,final naming-stable path; previous_path records migration source where applicable
docs/16-ci-and-repository-controls.md,,docs/16-ci-and-repository-controls.md,technical documentation or asset,added_audit_phase4,audit-4,docs,medium,added during hostile audit Phase 4 to define CI and repository controls
docs/17-supported-coverage.md,,docs/17-supported-coverage.md,technical documentation or asset,added_audit_phase4d,audit-4d,docs,medium,"supported-code coverage scope, floors and limitations"
docs/18-runtime-integrity.md,,docs/18-runtime-integrity.md,technical documentation or asset,added_audit_phase4f1,audit-4f1,docs,medium,documents byte-consumption integrity and the real functional browser gate
docs/assets/interface-preview.png,,docs/assets/interface-preview.png,technical documentation or asset,keep,current,docs,medium,canonical current path
docs/history/01-stabilisation.md,,docs/history/01-stabilisation.md,phase-history note,keep,current,docs,medium,canonical current path
docs/history/02-parser-and-metrics.md,,docs/history/02-parser-and-metrics.md,phase-history note,keep,current,docs,medium,canonical current path
docs/history/03-project-mode.md,,docs/history/03-project-mode.md,phase-history note,keep,current,docs,medium,canonical current path
docs/history/04-calibration.md,,docs/history/04-calibration.md,phase-history note,keep,current,docs,medium,canonical current path
docs/history/05-release-metadata.md,,docs/history/05-release-metadata.md,phase-history note,keep,current,docs,medium,canonical current path
docs/history/06-browser-security.md,,docs/history/06-browser-security.md,phase-history note,keep,current,docs,medium,canonical current path
docs/history/07-institutional-packaging.md,,docs/history/07-institutional-packaging.md,phase-history note,keep,current,docs,medium,canonical current path
docs/history/08-dynamic-ui-and-review.md,,docs/history/08-dynamic-ui-and-review.md,phase-history note,keep,current,docs,medium,canonical current path
docs/history/09-release-integrity.md,,docs/history/09-release-integrity.md,phase-history note,keep,current,docs,medium,canonical current path
docs/history/10-naming-governance.md,,docs/history/10-naming-governance.md,phase-history note,keep,current,docs,medium,canonical current path
docs/history/11-documentation-resources.md,,docs/history/11-documentation-resources.md,phase-history note,keep,current,docs,medium,canonical current path
docs/history/12-runtime-app-tools.md,,docs/history/12-runtime-app-tools.md,phase-history note,keep,current,docs,medium,canonical current path
docs/history/13-final-audit.md,,docs/history/13-final-audit.md,technical documentation or asset,added_phase13,13,docs,medium,final naming-stable path; previous_path records migration source where applicable
educator/01-student-quick-start.md,,educator/01-student-quick-start.md,educator resource,keep,current,educator,medium,canonical current path
educator/02-student-announcement.docx,educator_resources/AI_FINGERPRINT_SELF_CHECK_ANNOUNCEMENT_REVISED.docx,educator/02-student-announcement.docx,educator resource,completed_migration,current,educator,medium,final naming-stable path; previous_path records migration source where applicable
educator/02-student-announcement.md,educator_resources/AI_FINGERPRINT_SELF_CHECK_ANNOUNCEMENT_REVISED.md,educator/02-student-announcement.md,educator resource,completed_migration,current,educator,medium,final naming-stable path; previous_path records migration source where applicable
educator/03-student-disclosure-template.md,STUDENT_DISCLOSURE_TEMPLATE.md,educator/03-student-disclosure-template.md,educator resource,completed_migration,current,educator,medium,final naming-stable path; previous_path records migration source where applicable
educator/04-instructor-checklist.md,,educator/04-instructor-checklist.md,educator resource,keep,current,educator,medium,canonical current path
educator/05-review-protocol.md,,educator/05-review-protocol.md,educator resource,keep,current,educator,medium,canonical current path
educator/06-evidence-rubric.md,,educator/06-evidence-rubric.md,educator resource,keep,current,educator,medium,canonical current path
educator/07-course-integration.md,COURSE_INTEGRATION.md,educator/07-course-integration.md,educator resource,completed_migration,current,educator,medium,final naming-stable path; previous_path records migration source where applicable
educator/08-deployment-one-page.md,,educator/08-deployment-one-page.md,educator resource,keep,current,educator,medium,canonical current path
educator/09-project-kit-notice.md,PROJECT_KIT_NOTICE.md,educator/09-project-kit-notice.md,educator resource,completed_migration,current,educator,medium,final naming-stable path; previous_path records migration source where applicable
release/file-rename-map.csv,release/rename-map.csv,release/file-rename-map.csv,release evidence,completed_phase13,13,release,high,final naming-stable path; previous_path records migration source where applicable
release/final-audit-report.json,,release/final-audit-report.json,release evidence,added_phase13,13,release,medium,final naming-stable path; previous_path records migration source where applicable
release/final-audit-summary.md,,release/final-audit-summary.md,release evidence,added_phase13,13,release,medium,final naming-stable path; previous_path records migration source where applicable
release/release-manifest.json,RELEASE_MANIFEST.json,release/release-manifest.json,release evidence,completed_phase13,13,release,low,final naming-stable path; previous_path records migration source where applicable
src/codeprobe_engine/README.md,,src/codeprobe_engine/README.md,maintainer engine support module,keep,current,src,high,canonical current path
src/codeprobe_engine/__init__.py,,src/codeprobe_engine/__init__.py,maintainer engine support module,keep,current,src,high,canonical current path
src/codeprobe_engine/api.py,,src/codeprobe_engine/api.py,maintainer engine support module,keep,current,src,high,canonical current path
src/codeprobe_engine/metrics.py,,src/codeprobe_engine/metrics.py,maintainer engine support module,keep,current,src,high,canonical current path
src/codeprobe_engine/paths.py,,src/codeprobe_engine/paths.py,maintainer engine support module,keep,current,src,high,canonical current path
src/codeprobe_engine/process_control.py,,src/codeprobe_engine/process_control.py,maintainer engine support module,added_audit_phase4c,audit-4c,src,high,single bounded process-execution and process-tree containment boundary
src/codeprobe_engine/project_io.py,,src/codeprobe_engine/project_io.py,maintainer engine support module,keep,current,src,high,canonical current path
src/codeprobe_engine/release.py,,src/codeprobe_engine/release.py,maintainer engine support module,keep,current,src,high,canonical current path
src/codeprobe_engine/server.py,,src/codeprobe_engine/server.py,maintainer engine support module,added_audit_phase4c,audit-4c,src,high,allowlisted local static-server policy and request handling
src/codeprobe_engine/version.py,,src/codeprobe_engine/version.py,maintainer engine support module,keep,current,src,high,canonical current path
src/codeprobe_runtime.py,src/engine.py,src/codeprobe_runtime.py,browser-compatible analysis runtime,completed_migration,current,src,high,final naming-stable path; previous_path records migration source where applicable
tests/test_app_runtime_tools_paths.py,,tests/test_app_runtime_tools_paths.py,regression test,keep,current,tests,high,canonical current path
tests/test_browser_security.py,,tests/test_browser_security.py,regression test,keep,current,tests,high,canonical current path
tests/test_calibration_profiles.py,,tests/test_calibration_profiles.py,regression test,keep,current,tests,high,canonical current path
tests/test_coverage_policy.py,,tests/test_coverage_policy.py,regression test,added_audit_phase4d,audit-4d,tests,high,"coverage policy, floor and required-CI regressions"
tests/test_dependency_boundary.py,,tests/test_dependency_boundary.py,regression test,added_audit_phase4,audit-4,tests,high,added during hostile audit Phase 4 to guard dependency-boundary enforcement
tests/test_documentation_resources.py,,tests/test_documentation_resources.py,regression test,keep,current,tests,high,canonical current path
tests/test_dynamic_ui_review.py,,tests/test_dynamic_ui_review.py,regression test,keep,current,tests,high,canonical current path
tests/test_false_positive_controls.py,,tests/test_false_positive_controls.py,regression test,keep,current,tests,high,canonical current path
tests/test_final_naming_release.py,,tests/test_final_naming_release.py,regression test,added_phase13,13,tests,medium,final naming-stable path; previous_path records migration source where applicable
tests/test_final_naming_stability.py,,tests/test_final_naming_stability.py,regression test,added_phase13,13,tests,medium,final naming-stable path; previous_path records migration source where applicable
tests/test_final_package_audit.py,,tests/test_final_package_audit.py,regression test,added_phase13,13,tests,medium,final naming-stable path; previous_path records migration source where applicable
tests/test_final_release_audit.py,,tests/test_final_release_audit.py,regression test,added_phase13,13,tests,medium,final naming-stable path; previous_path records migration source where applicable
tests/test_github_zip_roots.py,,tests/test_github_zip_roots.py,regression test,keep,current,tests,high,canonical current path
tests/test_institutional_packaging.py,,tests/test_institutional_packaging.py,regression test,keep,current,tests,high,canonical current path
tests/test_javascript_parser.py,,tests/test_javascript_parser.py,regression test,keep,current,tests,high,canonical current path
tests/test_local_server.py,,tests/test_local_server.py,regression test,added_audit_phase4c,audit-4c,tests,high,"local-server allowlist, path and HTTP-method regressions"
tests/test_process_control.py,,tests/test_process_control.py,regression test,added_audit_phase4c,audit-4c,tests,high,"bounded output, timeout, environment and process-tree regressions"
tests/test_project_mode.py,,tests/test_project_mode.py,regression test,keep,current,tests,high,canonical current path
tests/test_pyodide_fixture.py,,tests/test_pyodide_fixture.py,regression test,added_audit_phase4f1,audit-4f1,tests,high,hermetic regression coverage for authenticated Pyodide fixture preparation
tests/test_pyodide_provenance.py,,tests/test_pyodide_provenance.py,regression test,added_audit_phase4c,audit-4c,tests,high,Pyodide production configuration and provenance regressions
tests/test_reference_integrity.py,,tests/test_reference_integrity.py,regression test,keep,current,tests,high,canonical current path
tests/test_release_integrity.py,,tests/test_release_integrity.py,regression test,keep,current,tests,high,canonical current path
tests/test_release_metadata.py,,tests/test_release_metadata.py,regression test,keep,current,tests,high,canonical current path
tests/test_release_reproducibility.py,,tests/test_release_reproducibility.py,regression test,added_audit_phase4,audit-4,tests,high,added during hostile audit Phase 4 to guard clone and archive safety
tests/test_report_schema.py,,tests/test_report_schema.py,regression test,keep,current,tests,high,canonical current path
tests/test_runtime_smoke.py,,tests/test_runtime_smoke.py,regression test,keep,current,tests,high,canonical current path
tools/README.md,,tools/README.md,command-line or release utility,keep,current,tools,high,canonical current path
tools/analyze_project.py,src/analyze_project.py,tools/analyze_project.py,command-line or release utility,completed_migration,current,tools,high,final naming-stable path; previous_path records migration source where applicable
tools/audit_institutional_pack.py,src/institutional_audit.py,tools/audit_institutional_pack.py,command-line or release utility,completed_migration,current,tools,high,final naming-stable path; previous_path records migration source where applicable
tools/build_release.py,src/build_release.py,tools/build_release.py,command-line or release utility,completed_migration,current,tools,high,final naming-stable path; previous_path records migration source where applicable
tools/calibrate_corpus.py,src/calibrate_corpus.py,tools/calibrate_corpus.py,command-line or release utility,completed_migration,current,tools,high,final naming-stable path; previous_path records migration source where applicable
tools/calibrate_profile.py,src/calibrate_profile.py,tools/calibrate_profile.py,command-line or release utility,completed_migration,current,tools,high,final naming-stable path; previous_path records migration source where applicable
tools/check_browser_accessibility.js,,tools/check_browser_accessibility.js,command-line or release utility,added_audit_phase4b,audit-4b,tools,high,dependency-free real-browser accessibility gate used by required CI
tools/check_browser_functional.js,,tools/check_browser_functional.js,command-line or release utility,added_audit_phase4f1,audit-4f1,tools,high,required real-browser analysis export and runtime-tamper gate
tools/check_coverage.py,,tools/check_coverage.py,command-line or release utility,added_audit_phase4d,audit-4d,tools,high,deterministic supported-code line-coverage gate
tools/check_dependency_boundary.py,,tools/check_dependency_boundary.py,command-line or release utility,added_audit_phase4,audit-4,tools,high,added during hostile audit Phase 4 to verify the offline dependency contract
tools/check_file_references.py,tools/check_references.py,tools/check_file_references.py,command-line or release utility,completed_phase13,13,tools,high,final naming-stable path; previous_path records migration source where applicable
tools/check_naming.py,,tools/check_naming.py,command-line or release utility,added_phase13,13,tools,high,final naming-stable path; previous_path records migration source where applicable
tools/check_pyodide_provenance.py,,tools/check_pyodide_provenance.py,command-line or release utility,added_audit_phase4c,audit-4c,tools,high,static validation of measured Pyodide core-startup provenance
tools/check_release.py,src/release_check.py,tools/check_release.py,command-line or release utility,completed_migration,current,tools,high,final naming-stable path; previous_path records migration source where applicable
tools/check_release_reproducibility.py,,tools/check_release_reproducibility.py,command-line or release utility,added_audit_phase4,audit-4,tools,high,added during hostile audit Phase 4 to compare Git exports and release packets
tools/compare_releases.py,,tools/compare_releases.py,command-line or release utility,keep,current,tools,high,canonical current path
tools/coverage-policy.json,,tools/coverage-policy.json,command-line or release utility,added_audit_phase4d,audit-4d,tools,high,version-pinned supported-code coverage policy and non-regression floors
tools/final_audit.py,,tools/final_audit.py,command-line or release utility,added_phase13,13,tools,high,final naming-stable path; previous_path records migration source where applicable
tools/prepare_pyodide_fixture.py,,tools/prepare_pyodide_fixture.py,command-line or release utility,added_audit_phase4f1,audit-4f1,tools,high,bounded exact-hash preparation of the functional Pyodide fixture
tools/run_local_server.py,src/run_local_server.py,tools/run_local_server.py,command-line or release utility,completed_migration,current,tools,high,final naming-stable path; previous_path records migration source where applicable
tools/validate_release.py,src/validate_release.py,tools/validate_release.py,command-line or release utility,completed_migration,current,tools,high,final naming-stable path; previous_path records migration source where applicable
